Workbook

Sheet Summary
A1: Northwind Cloud – FY2026 reconciliation summary
A2: Sign-off sheet. All six checks must show PASS before the dashboard is published.
A4: # | B4: Check | C4: What it proves | D4: Result
A5: 1 | B5: Billing export → model rows | C5: No rows lost or added except documented duplicates and test accounts | D5: =1_Billing_to_Model!H18 -> PASS
A6: 2 | B6: Model revenue → GL | C6: Report revenue equals the books, month by month | D6: =2_Model_to_GL!F17 -> PASS
A7: 3 | B7: MRR roll-forward | C7: Movements fully explain the change in MRR; no gaps between months | D7: =3_MRR_RollForward!L17 -> PASS
A8: 4 | B8: Customer master & keys | C8: No orphan customers, every line converted to USD | D8: =4_Customers_Keys!E10 -> PASS
A9: 5 | B9: Dashboard KPI tie-out | C9: Headline cards trace back to reconciled numbers | D9: =5_KPI_TieOut!F10 -> PASS
A10: 6 | B10: CRM bookings → billing | C10: Sales page bookings equal the new revenue finance sees | D10: =6_Bookings_to_Billing!H17 -> PASS
B11: Overall | D11: =IF(COUNTIF(D5:D10,"PASS")=6,"PASS","FAIL") -> PASS
B13: Prepared by | C13: BI Developer
B14: Reviewed by | C14: Finance Controller

Sheet Controls
A1: Reconciliation controls
A3: Revenue tolerance per month (USD) | B3: 1 | C3: Max acceptable model-vs-GL difference; covers cent rounding after FX conversion
A4: MRR roll-forward tolerance (USD) | B4: 0.01 | C4: Opening + New + Expansion - Contraction - Churn must equal Closing
A5: Budget source | B5: finance_gl_budget.xlsx / Revenue_Budget | C5: Approved FY2026 budget, by month and region
A8: Legend
A9: Blue text = input pasted from a source file or exported from the Power BI model
A10: Black text = formula
A11: Green text = link to another sheet in this workbook
A12: Yellow fill = tolerance you can change
A14: Model-side values are the outputs of the Power BI measures (exported from a table visual). In this repo they are produced by scripts/compute_metrics.py, which applies the same Power Query cleaning rules and measure logic.

Sheet 1_Billing_to_Model
A1: 1. Billing export → Power BI fact_MRR (row counts)
A2: Every row removed by Power Query must be explained: exact duplicates and QA test accounts. Nothing else may disappear.
A4: Month | B4: Raw export rows | C4: Duplicate rows removed | D4: Test-account rows removed | E4: Expected model rows | F4: Power BI fact_MRR rows | G4: Difference | H4: Status
A5: 2025-12 | B5: 1040 | C5: 3 | D5: 0 | E5: =B5-C5-D5 -> 1037 | F5: 1037 | G5: =F5-E5 -> 0 | H5: =IF(G5=0,"PASS","FAIL") -> PASS
A6: 2026-01 | B6: 1111 | C6: 3 | D6: 0 | E6: =B6-C6-D6 -> 1108 | F6: 1108 | G6: =F6-E6 -> 0 | H6: =IF(G6=0,"PASS","FAIL") -> PASS
A7: 2026-02 | B7: 1166 | C7: 4 | D7: 0 | E7: =B7-C7-D7 -> 1162 | F7: 1162 | G7: =F7-E7 -> 0 | H7: =IF(G7=0,"PASS","FAIL") -> PASS
A8: 2026-03 | B8: 1221 | C8: 2 | D8: 0 | E8: =B8-C8-D8 -> 1219 | F8: 1219 | G8: =F8-E8 -> 0 | H8: =IF(G8=0,"PASS","FAIL") -> PASS
A9: 2026-04 | B9: 1300 | C9: 5 | D9: 2 | E9: =B9-C9-D9 -> 1293 | F9: 1293 | G9: =F9-E9 -> 0 | H9: =IF(G9=0,"PASS","FAIL") -> PASS
A10: 2026-05 | B10: 1372 | C10: 3 | D10: 2 | E10: =B10-C10-D10 -> 1367 | F10: 1367 | G10: =F10-E10 -> 0 | H10: =IF(G10=0,"PASS","FAIL") -> PASS
A11: 2026-06 | B11: 1453 | C11: 5 | D11: 2 | E11: =B11-C11-D11 -> 1446 | F11: 1446 | G11: =F11-E11 -> 0 | H11: =IF(G11=0,"PASS","FAIL") -> PASS
A12: 2026-07 | B12: 1510 | C12: 5 | D12: 2 | E12: =B12-C12-D12 -> 1503 | F12: 1503 | G12: =F12-E12 -> 0 | H12: =IF(G12=0,"PASS","FAIL") -> PASS
A13: 2026-08 | B13: 1553 | C13: 4 | D13: 2 | E13: =B13-C13-D13 -> 1547 | F13: 1547 | G13: =F13-E13 -> 0 | H13: =IF(G13=0,"PASS","FAIL") -> PASS
A14: 2026-09 | B14: 1614 | C14: 3 | D14: 2 | E14: =B14-C14-D14 -> 1609 | F14: 1609 | G14: =F14-E14 -> 0 | H14: =IF(G14=0,"PASS","FAIL") -> PASS
A15: 2026-10 | B15: 1694 | C15: 6 | D15: 2 | E15: =B15-C15-D15 -> 1686 | F15: 1686 | G15: =F15-E15 -> 0 | H15: =IF(G15=0,"PASS","FAIL") -> PASS
A16: 2026-11 | B16: 1742 | C16: 8 | D16: 2 | E16: =B16-C16-D16 -> 1732 | F16: 1732 | G16: =F16-E16 -> 0 | H16: =IF(G16=0,"PASS","FAIL") -> PASS
A17: 2026-12 | B17: 1799 | C17: 6 | D17: 2 | E17: =B17-C17-D17 -> 1791 | F17: 1791 | G17: =F17-E17 -> 0 | H17: =IF(G17=0,"PASS","FAIL") -> PASS
A18: Total | B18: =SUM(B5:B17) -> 18575 | C18: =SUM(C5:C17) -> 57 | D18: =SUM(D5:D17) -> 18 | E18: =SUM(E5:E17) -> 18500 | F18: =SUM(F5:F17) -> 18500 | G18: =SUM(G5:G17) -> 0 | H18: =IF(COUNTIF(H5:H17,"FAIL")=0,"PASS","FAIL") -> PASS

Sheet 2_Model_to_GL
A1: 2. Power BI subscription revenue → GL account 4000 (USD)
A2: Model revenue = Σ(MRR_Local × FX rate) after cleaning. GL is posted rounded to cents, so a sub-$1 difference is expected.
A4: Month | B4: Power BI [Subscription Revenue] | C4: GL 4000 Subscription Revenue | D4: Difference | E4: Within tolerance? | F4: Status
A5: 2026-01 | B5: 1896006.2 | C5: 1896006.2 | D5: =B5-C5 -> -0.0020999999 | E5: =ABS(D5)<=Controls!$B$3 -> TRUE | F5: =IF(E5,"PASS","FAIL") -> PASS
A6: 2026-02 | B6: 2003656.7 | C6: 2003656.6 | D6: =B6-C6 -> 0.0022 | E6: =ABS(D6)<=Controls!$B$3 -> TRUE | F6: =IF(E6,"PASS","FAIL") -> PASS
A7: 2026-03 | B7: 2097023.4 | C7: 2097023.4 | D7: =B7-C7 -> -0.0019 | E7: =ABS(D7)<=Controls!$B$3 -> TRUE | F7: =IF(E7,"PASS","FAIL") -> PASS
A8: 2026-04 | B8: 2196164.6 | C8: 2196164.6 | D8: =B8-C8 -> -0.0049000001 | E8: =ABS(D8)<=Controls!$B$3 -> TRUE | F8: =IF(E8,"PASS","FAIL") -> PASS
A9: 2026-05 | B9: 2318747 | C9: 2318747 | D9: =B9-C9 -> -0.0036999998 | E9: =ABS(D9)<=Controls!$B$3 -> TRUE | F9: =IF(E9,"PASS","FAIL") -> PASS
A10: 2026-06 | B10: 2420255.1 | C10: 2420255.1 | D10: =B10-C10 -> 0.0039999997 | E10: =ABS(D10)<=Controls!$B$3 -> TRUE | F10: =IF(E10,"PASS","FAIL") -> PASS
A11: 2026-07 | B11: 2532124.6 | C11: 2532124.6 | D11: =B11-C11 -> 0.00039999979 | E11: =ABS(D11)<=Controls!$B$3 -> TRUE | F11: =IF(E11,"PASS","FAIL") -> PASS
A12: 2026-08 | B12: 2594913.8 | C12: 2594913.8 | D12: =B12-C12 -> 0.00029999996 | E12: =ABS(D12)<=Controls!$B$3 -> TRUE | F12: =IF(E12,"PASS","FAIL") -> PASS
A13: 2026-09 | B13: 2697823 | C13: 2697823 | D13: =B13-C13 -> -0.0019999999 | E13: =ABS(D13)<=Controls!$B$3 -> TRUE | F13: =IF(E13,"PASS","FAIL") -> PASS
A14: 2026-10 | B14: 2828039.9 | C14: 2828039.9 | D14: =B14-C14 -> -0.0029000002 | E14: =ABS(D14)<=Controls!$B$3 -> TRUE | F14: =IF(E14,"PASS","FAIL") -> PASS
A15: 2026-11 | B15: 2889746.4 | C15: 2889746.4 | D15: =B15-C15 -> -0.0049999999 | E15: =ABS(D15)<=Controls!$B$3 -> TRUE | F15: =IF(E15,"PASS","FAIL") -> PASS
A16: 2026-12 | B16: 2985763.8 | C16: 2985763.8 | D16: =B16-C16 -> 0.0024999999 | E16: =ABS(D16)<=Controls!$B$3 -> TRUE | F16: =IF(E16,"PASS","FAIL") -> PASS
A17: FY2026 | B17: =SUM(B5:B16) -> 29460264 | C17: =SUM(C5:C16) -> 29460264 | D17: =SUM(D5:D16) -> -0.0131 | E17: =ABS(D17)<=Controls!$B$3*12 -> TRUE | F17: =IF(AND(E17,COUNTIF(F5:F16,"FAIL")=0),"PASS","FAIL") -> PASS

Sheet 3_MRR_RollForward
A1: 3. MRR roll-forward (Power BI fact_MRR_Movements vs fact_MRR)
A2: Opening + New + Expansion − Contraction − Churn + FX impact = Closing; each Opening = prior Closing. Movements are classified in constant currency; FX is its own line.
A4: Month | B4: Opening MRR | C4: New | D4: Expansion | E4: Contraction | F4: Churn | G4: FX impact | H4: Closing MRR (fact_MRR) | I4: Calculated closing | J4: Roll-forward diff | K4: Opening = prior closing? | L4: Status
A5: 2026-01 | B5: 1800341.2 | C5: 67032.451 | D5: 44338.861 | E5: 1755.7244 | F5: 9483.6487 | G5: -4466.9339 | H5: 1896006.2 | I5: =B5+C5+D5-E5-F5+G5 -> 1896006.2 | J5: =I5-H5 -> 0.00010000006 | K5: =TRUE() -> TRUE | L5: =IF(AND(ABS(J5)<=Controls!$B$4,K5),"PASS","FAIL") -> PASS
A6: 2026-02 | B6: 1896006.2 | C6: 91412.757 | D6: 43595.909 | E6: 1656.0512 | F6: 19916.738 | G6: -5785.4121 | H6: 2003656.7 | I6: =B6+C6+D6-E6-F6+G6 -> 2003656.7 | J6: =I6-H6 -> 0 | K6: =ABS(B6-H5)<=Controls!$B$4 -> TRUE | L6: =IF(AND(ABS(J6)<=Controls!$B$4,K6),"PASS","FAIL") -> PASS
A7: 2026-03 | B7: 2003656.7 | C7: 75585.238 | D7: 36404.206 | E7: 3082.8521 | F7: 14193.884 | G7: -1345.9523 | H7: 2097023.4 | I7: =B7+C7+D7-E7-F7+G7 -> 2097023.4 | J7: =I7-H7 -> 0.00010000053 | K7: =ABS(B7-H6)<=Controls!$B$4 -> TRUE | L7: =IF(AND(ABS(J7)<=Controls!$B$4,K7),"PASS","FAIL") -> PASS
A8: 2026-04 | B8: 2097023.4 | C8: 71447.679 | D8: 41476.347 | E8: 5552.6922 | F8: 9296.1358 | G8: 1065.9485 | H8: 2196164.6 | I8: =B8+C8+D8-E8-F8+G8 -> 2196164.6 | J8: =I8-H8 -> 0 | K8: =ABS(B8-H7)<=Controls!$B$4 -> TRUE | L8: =IF(AND(ABS(J8)<=Controls!$B$4,K8),"PASS","FAIL") -> PASS
A9: 2026-05 | B9: 2196164.6 | C9: 85900.156 | D9: 55635.521 | E9: 1938.8054 | F9: 18393.853 | G9: 1379.3825 | H9: 2318747 | I9: =B9+C9+D9-E9-F9+G9 -> 2318747 | J9: =I9-H9 -> 0 | K9: =ABS(B9-H8)<=Controls!$B$4 -> TRUE | L9: =IF(AND(ABS(J9)<=Controls!$B$4,K9),"PASS","FAIL") -> PASS
A10: 2026-06 | B10: 2318747 | C10: 79147.95 | D10: 45639.502 | E10: 12138.426 | F10: 20334.289 | G10: 9193.4508 | H10: 2420255.1 | I10: =B10+C10+D10-E10-F10+G10 -> 2420255.1 | J10: =I10-H10 -> -9.9999364e-05 | K10: =ABS(B10-H9)<=Controls!$B$4 -> TRUE | L10: =IF(AND(ABS(J10)<=Controls!$B$4,K10),"PASS","FAIL") -> PASS
A11: 2026-07 | B11: 2420255.1 | C11: 109488.83 | D11: 32936.912 | E11: 8324.5533 | F11: 29419.868 | G11: 7188.1738 | H11: 2532124.6 | I11: =B11+C11+D11-E11-F11+G11 -> 2532124.6 | J11: =I11-H11 -> 0 | K11: =ABS(B11-H10)<=Controls!$B$4 -> TRUE | L11: =IF(AND(ABS(J11)<=Controls!$B$4,K11),"PASS","FAIL") -> PASS
A12: 2026-08 | B12: 2532124.6 | C12: 79881.342 | D12: 41473.567 | E12: 17012.219 | F12: 43754.176 | G12: 2200.6758 | H12: 2594913.8 | I12: =B12+C12+D12-E12-F12+G12 -> 2594913.8 | J12: =I12-H12 -> 0 | K12: =ABS(B12-H11)<=Controls!$B$4 -> TRUE | L12: =IF(AND(ABS(J12)<=Controls!$B$4,K12),"PASS","FAIL") -> PASS
A13: 2026-09 | B13: 2594913.8 | C13: 90391.193 | D13: 57261.679 | E13: 2227.599 | F13: 47020.501 | G13: 4504.3565 | H13: 2697823 | I13: =B13+C13+D13-E13-F13+G13 -> 2697823 | J13: =I13-H13 -> 0 | K13: =ABS(B13-H12)<=Controls!$B$4 -> TRUE | L13: =IF(AND(ABS(J13)<=Controls!$B$4,K13),"PASS","FAIL") -> PASS
A14: 2026-10 | B14: 2697823 | C14: 84862.618 | D14: 68142.608 | E14: 7039.3407 | F14: 18030.128 | G14: 2281.1709 | H14: 2828039.9 | I14: =B14+C14+D14-E14-F14+G14 -> 2828039.9 | J14: =I14-H14 -> 9.999983e-05 | K14: =ABS(B14-H13)<=Controls!$B$4 -> TRUE | L14: =IF(AND(ABS(J14)<=Controls!$B$4,K14),"PASS","FAIL") -> PASS
A15: 2026-11 | B15: 2828039.9 | C15: 92995.413 | D15: 52514.685 | E15: 5774.0698 | F15: 74657.055 | G15: -3372.4262 | H15: 2889746.4 | I15: =B15+C15+D15-E15-F15+G15 -> 2889746.4 | J15: =I15-H15 -> 0 | K15: =ABS(B15-H14)<=Controls!$B$4 -> TRUE | L15: =IF(AND(ABS(J15)<=Controls!$B$4,K15),"PASS","FAIL") -> PASS
A16: 2026-12 | B16: 2889746.4 | C16: 86607.727 | D16: 45548.484 | E16: 4058.5028 | F16: 28955.152 | G16: -3125.1992 | H16: 2985763.8 | I16: =B16+C16+D16-E16-F16+G16 -> 2985763.8 | J16: =I16-H16 -> 0 | K16: =ABS(B16-H15)<=Controls!$B$4 -> TRUE | L16: =IF(AND(ABS(J16)<=Controls!$B$4,K16),"PASS","FAIL") -> PASS
A17: FY2026 | B17: =B5 -> 1800341.2 | C17: =SUM(C5:C16) -> 1014753.4 | D17: =SUM(D5:D16) -> 564968.28 | E17: =SUM(E5:E16) -> 70560.836 | F17: =SUM(F5:F16) -> 333455.43 | G17: =SUM(G5:G16) -> 9717.2351 | H17: =H16 -> 2985763.8 | I17: =B17+C17+D17-E17-F17+G17 -> 2985763.8 | J17: =I17-H17 -> 0.00020000059 | L17: =IF(AND(ABS(J17)<=Controls!$B$4,COUNTIF(L5:L16,"FAIL")=0),"PASS","FAIL") -> PASS

Sheet 4_Customers_Keys
A1: 4. Customer master and key integrity
A2: Every billed customer must exist in the CRM (no orphans) and every billing line must find an FX rate.
A4: Check | B4: Source value | C4: Power BI value | D4: Difference | E4: Status
A5: Customers in CRM (crm_customers.xlsx) | B5: 1483 | C5: 1483 | D5: =C5-B5 -> 0 | E5: =IF(D5=0,"PASS","FAIL") -> PASS
A6: Distinct customers billed after cleaning vs dim_Customer matches | B6: 1483 | C6: 1483 | D6: =C6-B6 -> 0 | E6: =IF(D6=0,"PASS","FAIL") -> PASS
A7: Billing lines with no matching CRM customer (orphans) | B7: 0 | C7: 0 | D7: =C7-B7 -> 0 | E7: =IF(D7=0,"PASS","FAIL") -> PASS
A8: Billing lines with no FX rate | B8: 0 | C8: 0 | D8: =C8-B8 -> 0 | E8: =IF(D8=0,"PASS","FAIL") -> PASS
A9: Test-account revenue excluded (USD, should be > 0 and excluded) | B9: 18 | C9: 18 | D9: =C9-B9 -> 0 | E9: =IF(D9=0,"PASS","FAIL") -> PASS
A10: All checks | E10: =IF(COUNTIF(E5:E9,"FAIL")=0,"PASS","FAIL") -> PASS

Sheet 5_KPI_TieOut
A1: 5. Dashboard KPI tie-out
A2: Each card on the dashboard re-derived from the reconciled tables above (or from the GL). Report value = what the card shows.
A4: KPI | B4: Report value | C4: Re-derived value | D4: Formula / basis | E4: Difference | F4: Status
A5: ARR (Dec-26) | B5: 35829166 | C5: =3_MRR_RollForward!H16*12 -> 35829166 | D5: Closing MRR Dec-26 × 12 (sheet 3) | E5: =B5-C5 -> 0 | F5: =IF(ABS(E5)<=Controls!$B$3,"PASS","FAIL") -> PASS
A6: FY2026 subscription revenue | B6: 29460264 | C6: =2_Model_to_GL!C17 -> 29460264 | D6: GL 4000 total (sheet 2) | E6: =B6-C6 -> -0.010000002 | F6: =IF(ABS(E6)<=Controls!$B$3,"PASS","FAIL") -> PASS
A7: FY2026 change in MRR | B7: 1185422.6 | C7: =3_MRR_RollForward!C17+3_MRR_RollForward!D17-3_MRR_RollForward!E17-3_MRR_RollForward!F17+3_MRR_RollForward!G17 -> 1185422.6 | D7: New + Expansion − Contraction − Churn + FX (sheet 3) | E7: =B7-C7 -> -0.00019999989 | F7: =IF(ABS(E7)<=Controls!$B$3,"PASS","FAIL") -> PASS
A8: FY2026 revenue budget | B8: 29110000 | C8: 29110000 | D8: Σ Revenue_Budget (finance_gl_budget.xlsx) | E8: =B8-C8 -> 0 | F8: =IF(ABS(E8)<=Controls!$B$3,"PASS","FAIL") -> PASS
A9: Revenue vs budget (FY) | D9: Actual ÷ budget − 1 (informational, not a pass/fail check) | E9: =C6/C8-1 -> 0.012032445
A10: All KPI checks | F10: =IF(COUNTIF(F5:F8,"FAIL")=0,"PASS","FAIL") -> PASS

Sheet 6_Bookings_to_Billing
A1: 6. CRM closed-won deals → new-logo MRR in billing
A2: Sales performance uses CRM bookings; finance uses billing. Closed-won ARR must equal first-month billed MRR × 12 for the same new customers.
A4: Month | B4: CRM deals won | C4: Power BI new logos | D4: Logo diff | E4: CRM closed-won ARR | F4: Billing new MRR × 12 | G4: ARR diff | H4: Status
A5: 2026-01 | B5: 50 | C5: 50 | D5: =B5-C5 -> 0 | E5: 804389.41 | F5: 804389.42 | G5: =E5-F5 -> -0.0063 | H5: =IF(AND(D5=0,ABS(G5)<=Controls!$B$3),"PASS","FAIL") -> PASS
A6: 2026-02 | B6: 52 | C6: 52 | D6: =B6-C6 -> 0 | E6: 1096953.1 | F6: 1096953.1 | G6: =E6-F6 -> -0.0048 | H6: =IF(AND(D6=0,ABS(G6)<=Controls!$B$3),"PASS","FAIL") -> PASS
A7: 2026-03 | B7: 46 | C7: 46 | D7: =B7-C7 -> 0 | E7: 907022.87 | F7: 907022.86 | G7: =E7-F7 -> 0.0095 | H7: =IF(AND(D7=0,ABS(G7)<=Controls!$B$3),"PASS","FAIL") -> PASS
A8: 2026-04 | B8: 46 | C8: 46 | D8: =B8-C8 -> 0 | E8: 857372.15 | F8: 857372.15 | G8: =E8-F8 -> -0.0028 | H8: =IF(AND(D8=0,ABS(G8)<=Controls!$B$3),"PASS","FAIL") -> PASS
A9: 2026-05 | B9: 55 | C9: 55 | D9: =B9-C9 -> 0 | E9: 1030801.9 | F9: 1030801.9 | G9: =E9-F9 -> 0.0061 | H9: =IF(AND(D9=0,ABS(G9)<=Controls!$B$3),"PASS","FAIL") -> PASS
A10: 2026-06 | B10: 58 | C10: 58 | D10: =B10-C10 -> 0 | E10: 949775.4 | F10: 949775.4 | G10: =E10-F10 -> -0.00040000002 | H10: =IF(AND(D10=0,ABS(G10)<=Controls!$B$3),"PASS","FAIL") -> PASS
A11: 2026-07 | B11: 53 | C11: 53 | D11: =B11-C11 -> 0 | E11: 1313866 | F11: 1313866 | G11: =E11-F11 -> -0.0116 | H11: =IF(AND(D11=0,ABS(G11)<=Controls!$B$3),"PASS","FAIL") -> PASS
A12: 2026-08 | B12: 52 | C12: 52 | D12: =B12-C12 -> 0 | E12: 958576.13 | F12: 958576.1 | G12: =E12-F12 -> 0.027 | H12: =IF(AND(D12=0,ABS(G12)<=Controls!$B$3),"PASS","FAIL") -> PASS
A13: 2026-09 | B13: 53 | C13: 53 | D13: =B13-C13 -> 0 | E13: 1084694.3 | F13: 1084694.3 | G13: =E13-F13 -> 0.0257 | H13: =IF(AND(D13=0,ABS(G13)<=Controls!$B$3),"PASS","FAIL") -> PASS
A14: 2026-10 | B14: 59 | C14: 59 | D14: =B14-C14 -> 0 | E14: 1018351.4 | F14: 1018351.4 | G14: =E14-F14 -> 0.0184 | H14: =IF(AND(D14=0,ABS(G14)<=Controls!$B$3),"PASS","FAIL") -> PASS
A15: 2026-11 | B15: 62 | C15: 62 | D15: =B15-C15 -> 0 | E15: 1115944.9 | F15: 1115945 | G15: =E15-F15 -> -0.0125 | H15: =IF(AND(D15=0,ABS(G15)<=Controls!$B$3),"PASS","FAIL") -> PASS
A16: 2026-12 | B16: 61 | C16: 61 | D16: =B16-C16 -> 0 | E16: 1039292.7 | F16: 1039292.7 | G16: =E16-F16 -> -0.0152 | H16: =IF(AND(D16=0,ABS(G16)<=Controls!$B$3),"PASS","FAIL") -> PASS
A17: FY2026 | B17: =SUM(B5:B16) -> 647 | C17: =SUM(C5:C16) -> 647 | D17: =SUM(D5:D16) -> 0 | E17: =SUM(E5:E16) -> 12177040 | F17: =SUM(F5:F16) -> 12177040 | G17: =SUM(G5:G16) -> 0.0331 | H17: =IF(COUNTIF(H5:H16,"FAIL")=0,"PASS","FAIL") -> PASS
